"Armenor","Sexo","Ano","GrupoEtario","Populacao"
"Campinas","f",2010,"0-4",34579.9107444609
"Campinas","f",2010,"5-9",35069.5399670807
"Campinas","f",2010,"10-14",39206.7452004689
"Campinas","f",2010,"15-19",40884.7846062089
"Campinas","f",2010,"20-24",49241.9343504954
"Campinas","f",2010,"25-29",53589.2727954917
"Campinas","f",2010,"30-34",49959.3693904637
"Campinas","f",2010,"35-39",43882.3398829618
"Campinas","f",2010,"40-44",41907.2634668104
"Campinas","f",2010,"45-49",39395.1829007042
"Campinas","f",2010,"50-54",36273.0538246841
"Campinas","f",2010,"55-59",29909.1610144012
"Campinas","f",2010,"60-64",23520.9849579277
"Campinas","f",2010,"65-69",17212.8398244975
"Campinas","f",2010,"70-74",13926.5330781137
"Campinas","f",2010,"75-79",10397.0425258458
"Campinas","f",2010,"80+",13014.7698106095
"Campinas","m",2010,"0-4",36295.5984065992
"Campinas","m",2010,"5-9",36836.6178219507
"Campinas","m",2010,"10-14",40423.7462848659
"Campinas","m",2010,"15-19",41896.1932014858
"Campinas","m",2010,"20-24",48869.0346317775
"Campinas","m",2010,"25-29",51861.4994427304
"Campinas","m",2010,"30-34",47946.8734616785
"Campinas","m",2010,"35-39",41357.0574089733
"Campinas","m",2010,"40-44",38461.8971285737
"Campinas","m",2010,"45-49",35092.490745714
"Campinas","m",2010,"50-54",31772.7439662949
"Campinas","m",2010,"55-59",25632.7821903186
"Campinas","m",2010,"60-64",19313.5645678103
"Campinas","m",2010,"65-69",13949.8297928603
"Campinas","m",2010,"70-74",10596.6686389259
"Campinas","m",2010,"75-79",6923.22930897409
"Campinas","m",2010,"80+",6725.27671456976
"Guarulhos","f",2010,"0-4",48651.3847974814
"Guarulhos","f",2010,"5-9",52127.4843932366
"Guarulhos","f",2010,"10-14",56155.1249750319
"Guarulhos","f",2010,"15-19",52492.7558465827
"Guarulhos","f",2010,"20-24",55959.4612125832
"Guarulhos","f",2010,"25-29",59008.6973914921
"Guarulhos","f",2010,"30-34",56842.0702869978
"Guarulhos","f",2010,"35-39",51618.2945907609
"Guarulhos","f",2010,"40-44",47597.2473712026
"Guarulhos","f",2010,"45-49",41341.8375553048
"Guarulhos","f",2010,"50-54",35487.7034485385
"Guarulhos","f",2010,"55-59",27475.0832655755
"Guarulhos","f",2010,"60-64",20142.4590930476
"Guarulhos","f",2010,"65-69",13854.5829554062
"Guarulhos","f",2010,"70-74",10073.7586647405
"Guarulhos","f",2010,"75-79",6770.23792545575
"Guarulhos","f",2010,"80+",7297.73539069761
"Guarulhos","m",2010,"0-4",50891.4682553671
"Guarulhos","m",2010,"5-9",54174.0786973401
"Guarulhos","m",2010,"10-14",56896.8459716819
"Guarulhos","m",2010,"15-19",52762.4102994815
"Guarulhos","m",2010,"20-24",56575.5977914388
"Guarulhos","m",2010,"25-29",57065.0790988017
"Guarulhos","m",2010,"30-34",53467.6293872671
"Guarulhos","m",2010,"35-39",48671.4561244974
"Guarulhos","m",2010,"40-44",44882.5157613399
"Guarulhos","m",2010,"45-49",37162.7754293263
"Guarulhos","m",2010,"50-54",31103.9294285085
"Guarulhos","m",2010,"55-59",24346.8363275191
"Guarulhos","m",2010,"60-64",17150.0481004051
"Guarulhos","m",2010,"65-69",11063.7978845306
"Guarulhos","m",2010,"70-74",7477.55741480674
"Guarulhos","m",2010,"75-79",4317.89813898399
"Guarulhos","m",2010,"80+",3777.46225353336
"São Paulo","f",2010,"0-4",385442.938728348
"São Paulo","f",2010,"5-9",405635.937124046
"São Paulo","f",2010,"10-14",434804.729649677
"São Paulo","f",2010,"15-19",427336.491656207
"São Paulo","f",2010,"20-24",508933.981500345
"São Paulo","f",2010,"25-29",562299.755918113
"São Paulo","f",2010,"30-34",535879.876723113
"São Paulo","f",2010,"35-39",471879.050200905
"São Paulo","f",2010,"40-44",433520.025678775
"São Paulo","f",2010,"45-49",406028.992033346
"São Paulo","f",2010,"50-54",370691.457672647
"São Paulo","f",2010,"55-59",308313.137002594
"São Paulo","f",2010,"60-64",243248.795495922
"São Paulo","f",2010,"65-69",177659.287198355
"São Paulo","f",2010,"70-74",143984.523427923
"São Paulo","f",2010,"75-79",108069.454207488
"São Paulo","f",2010,"80+",139852.699621852
"São Paulo","m",2010,"0-4",403443.182571298
"São Paulo","m",2010,"5-9",423200.836122352
"São Paulo","m",2010,"10-14",444210.266136438
"São Paulo","m",2010,"15-19",426168.920357761
"São Paulo","m",2010,"20-24",495968.260402284
"São Paulo","m",2010,"25-29",526634.68856521
"São Paulo","m",2010,"30-34",487685.013810007
"São Paulo","m",2010,"35-39",428673.621811563
"São Paulo","m",2010,"40-44",390316.054296061
"São Paulo","m",2010,"45-49",346610.040994672
"São Paulo","m",2010,"50-54",305883.342211968
"São Paulo","m",2010,"55-59",247119.476705976
"São Paulo","m",2010,"60-64",185456.428914639
"São Paulo","m",2010,"65-69",128716.212428383
"São Paulo","m",2010,"70-74",96485.7232271865
"São Paulo","m",2010,"75-79",65182.933558321
"São Paulo","m",2010,"80+",67280.8502826836
"Campinas","f",2011,"0-4",34602.4590958724
"Campinas","f",2011,"5-9",34769.2830321551
"Campinas","f",2011,"10-14",38783.322362778
"Campinas","f",2011,"15-19",40668.2027928628
"Campinas","f",2011,"20-24",48207.8656714412
"Campinas","f",2011,"25-29",53653.2084217439
"Campinas","f",2011,"30-34",51040.7162275599
"Campinas","f",2011,"35-39",44894.1360670613
"Campinas","f",2011,"40-44",42116.8479474044
"Campinas","f",2011,"45-49",39857.5874612633
"Campinas","f",2011,"50-54",36920.3208320277
"Campinas","f",2011,"55-59",31018.7094124846
"Campinas","f",2011,"60-64",24600.5772076182
"Campinas","f",2011,"65-69",18043.6289943407
"Campinas","f",2011,"70-74",14271.304384176
"Campinas","f",2011,"75-79",10715.5622437536
"Campinas","f",2011,"80+",13692.7005312766
"Campinas","m",2011,"0-4",36305.6087294616
"Campinas","m",2011,"5-9",36518.7352028228
"Campinas","m",2011,"10-14",40162.8617724451
"Campinas","m",2011,"15-19",41598.4256098631
"Campinas","m",2011,"20-24",48176.7029566416
"Campinas","m",2011,"25-29",52140.3112936768
"Campinas","m",2011,"30-34",48947.7054872822
"Campinas","m",2011,"35-39",42292.5879895544
"Campinas","m",2011,"40-44",38803.1316939325
"Campinas","m",2011,"45-49",35593.2089623795
"Campinas","m",2011,"50-54",32276.4772414919
"Campinas","m",2011,"55-59",26540.5249090733
"Campinas","m",2011,"60-64",20197.6910653676
"Campinas","m",2011,"65-69",14522.025012996
"Campinas","m",2011,"70-74",10857.2260096243
"Campinas","m",2011,"75-79",7199.89002403156
"Campinas","m",2011,"80+",7111.70874786688
"Guarulhos","f",2011,"0-4",48624.4543286421
"Guarulhos","f",2011,"5-9",50931.5867915278
"Guarulhos","f",2011,"10-14",55760.0406300972
"Guarulhos","f",2011,"15-19",52955.166987814
"Guarulhos","f",2011,"20-24",55588.3160497928
"Guarulhos","f",2011,"25-29",59138.8900903683
"Guarulhos","f",2011,"30-34",57621.1293917591
"Guarulhos","f",2011,"35-39",52366.8932144616
"Guarulhos","f",2011,"40-44",48089.4868385047
"Guarulhos","f",2011,"45-49",42441.0041598919
"Guarulhos","f",2011,"50-54",36585.9910018995
"Guarulhos","f",2011,"55-59",28774.0162925264
"Guarulhos","f",2011,"60-64",21298.1678720425
"Guarulhos","f",2011,"65-69",14660.3880800931
"Guarulhos","f",2011,"70-74",10502.158254929
"Guarulhos","f",2011,"75-79",7087.78914601999
"Guarulhos","f",2011,"80+",7782.66659541584
"Guarulhos","m",2011,"0-4",50830.9925615047
"Guarulhos","m",2011,"5-9",52954.4609510954
"Guarulhos","m",2011,"10-14",56768.5112637732
"Guarulhos","m",2011,"15-19",53205.7302136483
"Guarulhos","m",2011,"20-24",56326.0956787985
"Guarulhos","m",2011,"25-29",57783.2113184484
"Guarulhos","m",2011,"30-34",54433.2292523255
"Guarulhos","m",2011,"35-39",49203.9189893096
"Guarulhos","m",2011,"40-44",45262.9639343977
"Guarulhos","m",2011,"45-49",38278.051650334
"Guarulhos","m",2011,"50-54",31966.27993357
"Guarulhos","m",2011,"55-59",25261.3194313191
"Guarulhos","m",2011,"60-64",18077.9432618684
"Guarulhos","m",2011,"65-69",11688.8217442238
"Guarulhos","m",2011,"70-74",7784.36582429854
"Guarulhos","m",2011,"75-79",4572.57339546475
"Guarulhos","m",2011,"80+",4035.62690412087
"São Paulo","f",2011,"0-4",382847.534567378
"São Paulo","f",2011,"5-9",397011.188761245
"São Paulo","f",2011,"10-14",431367.814697012
"São Paulo","f",2011,"15-19",427991.07278896
"São Paulo","f",2011,"20-24",496637.272592451
"São Paulo","f",2011,"25-29",558416.08444565
"São Paulo","f",2011,"30-34",542675.682859477
"São Paulo","f",2011,"35-39",480064.788064249
"São Paulo","f",2011,"40-44",437183.520290224
"São Paulo","f",2011,"45-49",409811.132342036
"São Paulo","f",2011,"50-54",376721.136392538
"São Paulo","f",2011,"55-59",317828.864951979
"São Paulo","f",2011,"60-64",253117.732539856
"São Paulo","f",2011,"65-69",185512.131767919
"São Paulo","f",2011,"70-74",146883.131752037
"São Paulo","f",2011,"75-79",110846.120718727
"São Paulo","f",2011,"80+",146282.19483053
"São Paulo","m",2011,"0-4",400356.647208181
"São Paulo","m",2011,"5-9",414047.51556674
"São Paulo","m",2011,"10-14",442359.120735006
"São Paulo","m",2011,"15-19",427012.235820873
"São Paulo","m",2011,"20-24",486297.173053564
"São Paulo","m",2011,"25-29",526972.349881592
"São Paulo","m",2011,"30-34",496057.102683082
"São Paulo","m",2011,"35-39",435181.459195389
"São Paulo","m",2011,"40-44",393890.70099072
"São Paulo","m",2011,"45-49",351921.496120859
"São Paulo","m",2011,"50-54",311039.174326328
"São Paulo","m",2011,"55-59",254742.125446777
"São Paulo","m",2011,"60-64",193085.057638276
"São Paulo","m",2011,"65-69",134215.4050652
"São Paulo","m",2011,"70-74",98586.4723243873
"São Paulo","m",2011,"75-79",67116.4410434884
"São Paulo","m",2011,"80+",70504.8008211744
"Campinas","f",2012,"0-4",34842.6325298345
"Campinas","f",2012,"5-9",34665.5244738369
"Campinas","f",2012,"10-14",37943.6055025355
"Campinas","f",2012,"15-19",40731.3727511812
"Campinas","f",2012,"20-24",47025.1029430084
"Campinas","f",2012,"25-29",53473.4824319262
"Campinas","f",2012,"30-34",52058.0142868067
"Campinas","f",2012,"35-39",46053.9697392989
"Campinas","f",2012,"40-44",42315.8923409503
"Campinas","f",2012,"45-49",40245.5322458215
"Campinas","f",2012,"50-54",37464.9919894357
"Campinas","f",2012,"55-59",32146.180963322
"Campinas","f",2012,"60-64",25644.5345041246
"Campinas","f",2012,"65-69",19030.5941369304
"Campinas","f",2012,"70-74",14576.0758594951
"Campinas","f",2012,"75-79",11092.8496273252
"Campinas","f",2012,"80+",14367.7254913529
"Campinas","m",2012,"0-4",36545.4195793876
"Campinas","m",2012,"5-9",36405.2335137113
"Campinas","m",2012,"10-14",39451.6031134317
"Campinas","m",2012,"15-19",41633.0775420168
"Campinas","m",2012,"20-24",47210.2152181994
"Campinas","m",2012,"25-29",52222.6788006698
"Campinas","m",2012,"30-34",49922.9291276978
"Campinas","m",2012,"35-39",43391.6811523886
"Campinas","m",2012,"40-44",39076.5465166112
"Campinas","m",2012,"45-49",36099.1733413211
"Campinas","m",2012,"50-54",32698.5756049481
"Campinas","m",2012,"55-59",27454.779377307
"Campinas","m",2012,"60-64",21075.7337151262
"Campinas","m",2012,"65-69",15203.9063298285
"Campinas","m",2012,"70-74",11088.6114451412
"Campinas","m",2012,"75-79",7525.37937257667
"Campinas","m",2012,"80+",7502.46975033812
"Guarulhos","f",2012,"0-4",48902.9632316187
"Guarulhos","f",2012,"5-9",50043.0787664928
"Guarulhos","f",2012,"10-14",54760.3394337452
"Guarulhos","f",2012,"15-19",53789.5746883379
"Guarulhos","f",2012,"20-24",55020.2504669195
"Guarulhos","f",2012,"25-29",59000.4396750566
"Guarulhos","f",2012,"30-34",58312.9042118834
"Guarulhos","f",2012,"35-39",53270.598673395
"Guarulhos","f",2012,"40-44",48573.5150231942
"Guarulhos","f",2012,"45-49",43483.0807855262
"Guarulhos","f",2012,"50-54",37603.7003154653
"Guarulhos","f",2012,"55-59",30112.5906562084
"Guarulhos","f",2012,"60-64",22445.6264757778
"Guarulhos","f",2012,"65-69",15608.2629668518
"Guarulhos","f",2012,"70-74",10912.4400561442
"Guarulhos","f",2012,"75-79",7453.16381378937
"Guarulhos","f",2012,"80+",8276.3552665187
"Guarulhos","m",2012,"0-4",51091.8545486635
"Guarulhos","m",2012,"5-9",52050.5931286272
"Guarulhos","m",2012,"10-14",55998.8014376402
"Guarulhos","m",2012,"15-19",54081.8426229331
"Guarulhos","m",2012,"20-24",55742.4092706311
"Guarulhos","m",2012,"25-29",58289.4422949734
"Guarulhos","m",2012,"30-34",55364.6992598357
"Guarulhos","m",2012,"35-39",49905.9853163291
"Guarulhos","m",2012,"40-44",45564.0277718221
"Guarulhos","m",2012,"45-49",39424.7247197965
"Guarulhos","m",2012,"50-54",32762.7418440382
"Guarulhos","m",2012,"55-59",26185.7015915531
"Guarulhos","m",2012,"60-64",19014.0391549136
"Guarulhos","m",2012,"65-69",12419.5817616205
"Guarulhos","m",2012,"70-74",8077.84435938696
"Guarulhos","m",2012,"75-79",4866.69766069674
"Guarulhos","m",2012,"80+",4298.21158162674
"São Paulo","f",2012,"0-4",382659.514607778
"São Paulo","f",2012,"5-9",390755.808407256
"São Paulo","f",2012,"10-14",423263.270707013
"São Paulo","f",2012,"15-19",431598.812260437
"São Paulo","f",2012,"20-24",482887.787640411
"São Paulo","f",2012,"25-29",552042.965246305
"São Paulo","f",2012,"30-34",548635.998439788
"São Paulo","f",2012,"35-39",489718.622547821
"São Paulo","f",2012,"40-44",440757.271718236
"São Paulo","f",2012,"45-49",412809.078004023
"São Paulo","f",2012,"50-54",381685.998270597
"São Paulo","f",2012,"55-59",327401.610315168
"São Paulo","f",2012,"60-64",262515.030552818
"São Paulo","f",2012,"65-69",194900.886245428
"São Paulo","f",2012,"70-74",149342.814234349
"São Paulo","f",2012,"75-79",114198.673362754
"São Paulo","f",2012,"80+",152623.917710062
"São Paulo","m",2012,"0-4",399807.718100835
"São Paulo","m",2012,"5-9",407348.351507193
"São Paulo","m",2012,"10-14",435525.205948664
"São Paulo","m",2012,"15-19",431278.845242568
"São Paulo","m",2012,"20-24",473963.824583795
"São Paulo","m",2012,"25-29",525319.074184924
"São Paulo","m",2012,"30-34",504103.380125549
"São Paulo","m",2012,"35-39",443242.700479396
"São Paulo","m",2012,"40-44",396778.711467915
"São Paulo","m",2012,"45-49",357295.554899974
"São Paulo","m",2012,"50-54",315417.40541907
"São Paulo","m",2012,"55-59",262354.942266645
"São Paulo","m",2012,"60-64",200584.387970955
"São Paulo","m",2012,"65-69",140747.669991391
"São Paulo","m",2012,"70-74",100410.784405079
"São Paulo","m",2012,"75-79",69455.929242819
"São Paulo","m",2012,"80+",73721.2239259201
"Campinas","f",2013,"0-4",35090.3074555867
"Campinas","f",2013,"5-9",34709.7694798873
"Campinas","f",2013,"10-14",36939.0616452727
"Campinas","f",2013,"15-19",40915.1485046302
"Campinas","f",2013,"20-24",45821.1386820269
"Campinas","f",2013,"25-29",53091.6815364792
"Campinas","f",2013,"30-34",52956.2548534673
"Campinas","f",2013,"35-39",47297.5220745801
"Campinas","f",2013,"40-44",42552.5252009412
"Campinas","f",2013,"45-49",40580.1334628689
"Campinas","f",2013,"50-54",37909.8410940292
"Campinas","f",2013,"55-59",33258.4887478441
"Campinas","f",2013,"60-64",26670.9885644105
"Campinas","f",2013,"65-69",20122.3112178911
"Campinas","f",2013,"70-74",14902.0664476726
"Campinas","f",2013,"75-79",11498.7963568435
"Campinas","f",2013,"80+",15039.9247505006
"Campinas","m",2013,"0-4",36794.3739341203
"Campinas","m",2013,"5-9",36444.9912529493
"Campinas","m",2013,"10-14",38548.3212268398
"Campinas","m",2013,"15-19",41825.473577311
"Campinas","m",2013,"20-24",46138.9928770874
"Campinas","m",2013,"25-29",52108.9961310736
"Campinas","m",2013,"30-34",50816.5668259103
"Campinas","m",2013,"35-39",44602.1552951068
"Campinas","m",2013,"40-44",39350.1481460511
"Campinas","m",2013,"45-49",36589.3272738918
"Campinas","m",2013,"50-54",33062.8269767044
"Campinas","m",2013,"55-59",28350.4691657273
"Campinas","m",2013,"60-64",21952.091804639
"Campinas","m",2013,"65-69",15960.0971624932
"Campinas","m",2013,"70-74",11337.3119931079
"Campinas","m",2013,"75-79",7875.06409425312
"Campinas","m",2013,"80+",7897.09100500054
"Guarulhos","f",2013,"0-4",49191.2463908609
"Guarulhos","f",2013,"5-9",49380.1890714224
"Guarulhos","f",2013,"10-14",53513.4385380415
"Guarulhos","f",2013,"15-19",54798.5285323282
"Guarulhos","f",2013,"20-24",54398.3691545391
"Guarulhos","f",2013,"25-29",58638.4616642982
"Guarulhos","f",2013,"30-34",58858.1223936734
"Guarulhos","f",2013,"35-39",54251.5574655031
"Guarulhos","f",2013,"40-44",49104.7057850293
"Guarulhos","f",2013,"45-49",44488.1237491971
"Guarulhos","f",2013,"50-54",38540.0687230781
"Guarulhos","f",2013,"55-59",31460.3261646687
"Guarulhos","f",2013,"60-64",23600.2164921864
"Guarulhos","f",2013,"65-69",16659.4529375859
"Guarulhos","f",2013,"70-74",11349.9541913836
"Guarulhos","f",2013,"75-79",7847.86707732348
"Guarulhos","f",2013,"80+",8779.96548802089
"Guarulhos","m",2013,"0-4",51364.6082205803
"Guarulhos","m",2013,"5-9",51377.7108052801
"Guarulhos","m",2013,"10-14",54947.8580164784
"Guarulhos","m",2013,"15-19",55180.4556631301
"Guarulhos","m",2013,"20-24",55016.7646990916
"Guarulhos","m",2013,"25-29",58579.5675481903
"Guarulhos","m",2013,"30-34",56200.3903655208
"Guarulhos","m",2013,"35-39",50712.2322765249
"Guarulhos","m",2013,"40-44",45865.0663523275
"Guarulhos","m",2013,"45-49",40580.2361831181
"Guarulhos","m",2013,"50-54",33514.8148698606
"Guarulhos","m",2013,"55-59",27096.0659236923
"Guarulhos","m",2013,"60-64",19962.3643805652
"Guarulhos","m",2013,"65-69",13231.0876665882
"Guarulhos","m",2013,"70-74",8391.5535473905
"Guarulhos","m",2013,"75-79",5185.98446279685
"Guarulhos","m",2013,"80+",4566.59769505796
"São Paulo","f",2013,"0-4",382535.191091751
"São Paulo","f",2013,"5-9",386242.493711633
"São Paulo","f",2013,"10-14",413263.55298726
"São Paulo","f",2013,"15-19",436522.656310712
"São Paulo","f",2013,"20-24",469004.92775007
"São Paulo","f",2013,"25-29",543667.137811836
"São Paulo","f",2013,"30-34",553206.234673492
"São Paulo","f",2013,"35-39",500135.003086382
"São Paulo","f",2013,"40-44",444743.265804894
"São Paulo","f",2013,"45-49",415244.467626186
"São Paulo","f",2013,"50-54",385619.166808899
"São Paulo","f",2013,"55-59",336694.289365299
"São Paulo","f",2013,"60-64",271631.759835048
"São Paulo","f",2013,"65-69",205282.707848903
"São Paulo","f",2013,"70-74",151993.726558042
"São Paulo","f",2013,"75-79",117810.151167119
"São Paulo","f",2013,"80+",158896.733695417
"São Paulo","m",2013,"0-4",399341.587105509
"São Paulo","m",2013,"5-9",402446.059114556
"São Paulo","m",2013,"10-14",426532.779175101
"São Paulo","m",2013,"15-19",437236.815544417
"São Paulo","m",2013,"20-24",460703.880935613
"São Paulo","m",2013,"25-29",521706.859874628
"São Paulo","m",2013,"30-34",511263.852291388
"São Paulo","m",2013,"35-39",452293.091352798
"São Paulo","m",2013,"40-44",399670.226835114
"São Paulo","m",2013,"45-49",362523.768921416
"São Paulo","m",2013,"50-54",319245.410895403
"São Paulo","m",2013,"55-59",269719.020444777
"São Paulo","m",2013,"60-64",207997.358261229
"São Paulo","m",2013,"65-69",147990.01101191
"São Paulo","m",2013,"70-74",102380.686687323
"São Paulo","m",2013,"75-79",71963.6024109165
"São Paulo","m",2013,"80+",76940.0979679253
"Campinas","f",2014,"0-4",35361.9094211042
"Campinas","f",2014,"5-9",34796.0696759008
"Campinas","f",2014,"10-14",36024.4531399274
"Campinas","f",2014,"15-19",40961.0902486053
"Campinas","f",2014,"20-24",44775.2019101567
"Campinas","f",2014,"25-29",52575.0309234088
"Campinas","f",2014,"30-34",53664.9677781754
"Campinas","f",2014,"35-39",48522.8625143935
"Campinas","f",2014,"40-44",42895.2534233746
"Campinas","f",2014,"45-49",40890.4035692896
"Campinas","f",2014,"50-54",38261.8890397731
"Campinas","f",2014,"55-59",34307.0877655139
"Campinas","f",2014,"60-64",27715.1099328054
"Campinas","f",2014,"65-69",21237.1115062891
"Campinas","f",2014,"70-74",15338.4514865919
"Campinas","f",2014,"75-79",11888.0149983017
"Campinas","f",2014,"80+",15718.3637258191
"Campinas","m",2014,"0-4",37069.6104719158
"Campinas","m",2014,"5-9",36527.2527893925
"Campinas","m",2014,"10-14",37714.788715391
"Campinas","m",2014,"15-19",41892.0583364218
"Campinas","m",2014,"20-24",45212.1649933323
"Campinas","m",2014,"25-29",51804.8212433084
"Campinas","m",2014,"30-34",51555.8652477931
"Campinas","m",2014,"35-39",45837.993072141
"Campinas","m",2014,"40-44",39727.5398546461
"Campinas","m",2014,"45-49",37027.6943640108
"Campinas","m",2014,"50-54",33406.6463646273
"Campinas","m",2014,"55-59",29191.5631423172
"Campinas","m",2014,"60-64",22838.4563711581
"Campinas","m",2014,"65-69",16738.5749831371
"Campinas","m",2014,"70-74",11667.714902995
"Campinas","m",2014,"75-79",8214.69532327963
"Campinas","m",2014,"80+",8300.44391761504
"Guarulhos","f",2014,"0-4",49512.2655446619
"Guarulhos","f",2014,"5-9",48784.9635236566
"Guarulhos","f",2014,"10-14",52387.0398594183
"Guarulhos","f",2014,"15-19",55638.059477553
"Guarulhos","f",2014,"20-24",53936.7469563782
"Guarulhos","f",2014,"25-29",58126.6015947742
"Guarulhos","f",2014,"30-34",59182.3328322716
"Guarulhos","f",2014,"35-39",55191.671995705
"Guarulhos","f",2014,"40-44",49763.2528057701
"Guarulhos","f",2014,"45-49",45486.2363802952
"Guarulhos","f",2014,"50-54",39398.7561075429
"Guarulhos","f",2014,"55-59",32770.7618287382
"Guarulhos","f",2014,"60-64",24793.2489862349
"Guarulhos","f",2014,"65-69",17748.3902657651
"Guarulhos","f",2014,"70-74",11884.8989120443
"Guarulhos","f",2014,"75-79",8241.57689876612
"Guarulhos","f",2014,"80+",9300.27964062738
"Guarulhos","m",2014,"0-4",51673.0899400648
"Guarulhos","m",2014,"5-9",50772.5466826261
"Guarulhos","m",2014,"10-14",53986.8761819138
"Guarulhos","m",2014,"15-19",56131.6186141565
"Guarulhos","m",2014,"20-24",54445.1781290439
"Guarulhos","m",2014,"25-29",58655.174902047
"Guarulhos","m",2014,"30-34",56860.8328282182
"Guarulhos","m",2014,"35-39",51522.0579442336
"Guarulhos","m",2014,"40-44",46286.7883408888
"Guarulhos","m",2014,"45-49",41703.7922920649
"Guarulhos","m",2014,"50-54",34259.0373384366
"Guarulhos","m",2014,"55-59",27957.8052077561
"Guarulhos","m",2014,"60-64",20933.7581634602
"Guarulhos","m",2014,"65-69",14082.7259706999
"Guarulhos","m",2014,"70-74",8774.69515204152
"Guarulhos","m",2014,"75-79",5508.58075406404
"Guarulhos","m",2014,"80+",4844.92019885204
"São Paulo","f",2014,"0-4",382650.771062034
"São Paulo","f",2014,"5-9",382242.674177514
"São Paulo","f",2014,"10-14",404210.789672383
"São Paulo","f",2014,"15-19",440013.122726086
"São Paulo","f",2014,"20-24",456818.982811047
"São Paulo","f",2014,"25-29",534020.991848924
"São Paulo","f",2014,"30-34",555691.528312855
"São Paulo","f",2014,"35-39",510228.354448818
"São Paulo","f",2014,"40-44",449864.104988733
"São Paulo","f",2014,"45-49",417417.450177198
"São Paulo","f",2014,"50-54",388596.709844898
"São Paulo","f",2014,"55-59",345222.351240355
"São Paulo","f",2014,"60-64",280827.814200097
"São Paulo","f",2014,"65-69",215815.678949248
"São Paulo","f",2014,"70-74",155738.555064995
"São Paulo","f",2014,"75-79",121213.801696238
"São Paulo","f",2014,"80+",165197.422717058
"São Paulo","m",2014,"0-4",399140.727925939
"São Paulo","m",2014,"5-9",398065.487371229
"São Paulo","m",2014,"10-14",418270.201831483
"São Paulo","m",2014,"15-19",441940.466893007
"São Paulo","m",2014,"20-24",449007.514409426
"São Paulo","m",2014,"25-29",516218.822670201
"São Paulo","m",2014,"30-34",516818.515002146
"São Paulo","m",2014,"35-39",461443.673664934
"São Paulo","m",2014,"40-44",403617.82217026
"São Paulo","m",2014,"45-49",367248.843975471
"São Paulo","m",2014,"50-54",322883.176219624
"São Paulo","m",2014,"55-59",276495.906619472
"São Paulo","m",2014,"60-64",215434.939845357
"São Paulo","m",2014,"65-69",155462.696576704
"São Paulo","m",2014,"70-74",105074.781224888
"São Paulo","m",2014,"75-79",74323.8382762152
"São Paulo","m",2014,"80+",80208.7039798918
"Campinas","f",2015,"0-4",35795.5726387641
"Campinas","f",2015,"5-9",34866.1580472389
"Campinas","f",2015,"10-14",35302.5681467057
"Campinas","f",2015,"15-19",40711.8387494824
"Campinas","f",2015,"20-24",43986.9167734288
"Campinas","f",2015,"25-29",51980.105198759
"Campinas","f",2015,"30-34",54141.3166753364
"Campinas","f",2015,"35-39",49655.4633741534
"Campinas","f",2015,"40-44",43379.6492768625
"Campinas","f",2015,"45-49",41200.0311272042
"Campinas","f",2015,"50-54",38529.1282374
"Campinas","f",2015,"55-59",35260.6664413818
"Campinas","f",2015,"60-64",28794.1173273084
"Campinas","f",2015,"65-69",22324.791683217
"Campinas","f",2015,"70-74",15932.961632764
"Campinas","f",2015,"75-79",12240.9013407119
"Campinas","f",2015,"80+",16406.2118980617
"Campinas","m",2015,"0-4",37515.7710930379
"Campinas","m",2015,"5-9",36591.5618162009
"Campinas","m",2015,"10-14",37056.7011467625
"Campinas","m",2015,"15-19",41660.1330920149
"Campinas","m",2015,"20-24",44575.549349029
"Campinas","m",2015,"25-29",51330.5343819131
"Campinas","m",2015,"30-34",52094.0928096599
"Campinas","m",2015,"35-39",47035.3455523483
"Campinas","m",2015,"40-44",40268.2712847
"Campinas","m",2015,"45-49",37397.9015833818
"Campinas","m",2015,"50-54",33752.5178711675
"Campinas","m",2015,"55-59",29957.1856517628
"Campinas","m",2015,"60-64",23738.570800843
"Campinas","m",2015,"65-69",17507.8735391427
"Campinas","m",2015,"70-74",12112.1301978003
"Campinas","m",2015,"75-79",8529.98153140975
"Campinas","m",2015,"80+",8713.22938063099
"Guarulhos","f",2015,"0-4",50059.0777482398
"Guarulhos","f",2015,"5-9",48174.2166007614
"Guarulhos","f",2015,"10-14",51532.6203373834
"Guarulhos","f",2015,"15-19",56083.7295516859
"Guarulhos","f",2015,"20-24",53764.7848866916
"Guarulhos","f",2015,"25-29",57527.0173805798
"Guarulhos","f",2015,"30-34",59243.688164658
"Guarulhos","f",2015,"35-39",56007.6682559137
"Guarulhos","f",2015,"40-44",50592.6357780643
"Guarulhos","f",2015,"45-49",46503.3392493666
"Guarulhos","f",2015,"50-54",40184.7126639053
"Guarulhos","f",2015,"55-59",34012.2352963616
"Guarulhos","f",2015,"60-64",26041.1745589751
"Guarulhos","f",2015,"65-69",18833.5238184094
"Guarulhos","f",2015,"70-74",12559.630054295
"Guarulhos","f",2015,"75-79",8620.17501674831
"Guarulhos","f",2015,"80+",9840.6614914437
"Guarulhos","m",2015,"0-4",52218.4689971017
"Guarulhos","m",2015,"5-9",50149.6517864291
"Guarulhos","m",2015,"10-14",53268.9941733788
"Guarulhos","m",2015,"15-19",56692.8082238908
"Guarulhos","m",2015,"20-24",54209.8249971739
"Guarulhos","m",2015,"25-29",58534.8675875107
"Guarulhos","m",2015,"30-34",57296.0576981399
"Guarulhos","m",2015,"35-39",52264.0030671238
"Guarulhos","m",2015,"40-44",46898.4061084353
"Guarulhos","m",2015,"45-49",42774.4905669252
"Guarulhos","m",2015,"50-54",35018.2054746408
"Guarulhos","m",2015,"55-59",28750.5705804318
"Guarulhos","m",2015,"60-64",21932.0592914943
"Guarulhos","m",2015,"65-69",14948.9220719453
"Guarulhos","m",2015,"70-74",9255.09147704709
"Guarulhos","m",2015,"75-79",5824.61865388564
"Guarulhos","m",2015,"80+",5134.63794465937
"São Paulo","f",2015,"0-4",384484.525016016
"São Paulo","f",2015,"5-9",378106.139564867
"São Paulo","f",2015,"10-14",397270.268796648
"São Paulo","f",2015,"15-19",440338.139131604
"São Paulo","f",2015,"20-24",447327.061635875
"São Paulo","f",2015,"25-29",523706.707912758
"São Paulo","f",2015,"30-34",555705.655552694
"São Paulo","f",2015,"35-39",519223.725984027
"São Paulo","f",2015,"40-44",456505.696215138
"São Paulo","f",2015,"45-49",419571.101683374
"São Paulo","f",2015,"50-54",390704.089874337
"São Paulo","f",2015,"55-59",352685.319251136
"São Paulo","f",2015,"60-64",290274.819720538
"São Paulo","f",2015,"65-69",225989.364059659
"São Paulo","f",2015,"70-74",161044.757112487
"São Paulo","f",2015,"75-79",124213.421098883
"São Paulo","f",2015,"80+",171550.449161567
"São Paulo","m",2015,"0-4",400743.789341553
"São Paulo","m",2015,"5-9",393537.523722692
"São Paulo","m",2015,"10-14",411917.559396113
"São Paulo","m",2015,"15-19",443515.639261523
"São Paulo","m",2015,"20-24",440290.74313625
"São Paulo","m",2015,"25-29",509083.777490403
"São Paulo","m",2015,"30-34",520317.796040456
"São Paulo","m",2015,"35-39",470052.572268742
"São Paulo","m",2015,"40-44",409227.57105535
"São Paulo","m",2015,"45-49",371306.632436181
"São Paulo","m",2015,"50-54",326547.656389771
"São Paulo","m",2015,"55-59",282496.061654172
"São Paulo","m",2015,"60-64",222931.503511299
"São Paulo","m",2015,"65-69",162874.07345572
"São Paulo","m",2015,"70-74",108777.221665987
"São Paulo","m",2015,"75-79",76412.1872060926
"São Paulo","m",2015,"80+",83525.1301019076
"Campinas","f",2016,"0-4",35930.1123261803
"Campinas","f",2016,"5-9",34878.2509918967
"Campinas","f",2016,"10-14",34992.0677844417
"Campinas","f",2016,"15-19",40260.0754700308
"Campinas","f",2016,"20-24",43730.4311362507
"Campinas","f",2016,"25-29",50882.9623264805
"Campinas","f",2016,"30-34",54186.2769799974
"Campinas","f",2016,"35-39",50721.8333074503
"Campinas","f",2016,"40-44",44379.7392188163
"Campinas","f",2016,"45-49",41410.7074242036
"Campinas","f",2016,"50-54",38990.9513613907
"Campinas","f",2016,"55-59",35902.8051967855
"Campinas","f",2016,"60-64",29882.322035208
"Campinas","f",2016,"65-69",23372.3380457227
"Campinas","f",2016,"70-74",16730.9208430695
"Campinas","f",2016,"75-79",12574.6074636309
"Campinas","f",2016,"80+",17147.2152202037
"Campinas","m",2016,"0-4",37659.3911990994
"Campinas","m",2016,"5-9",36590.6938150655
"Campinas","m",2016,"10-14",36728.3164806511
"Campinas","m",2016,"15-19",41381.0289153974
"Campinas","m",2016,"20-24",44237.9321559551
"Campinas","m",2016,"25-29",50604.7904597001
"Campinas","m",2016,"30-34",52356.7985288715
"Campinas","m",2016,"35-39",48019.2799494678
"Campinas","m",2016,"40-44",41195.2695371029
"Campinas","m",2016,"45-49",37753.2476433081
"Campinas","m",2016,"50-54",34272.041031861
"Campinas","m",2016,"55-59",30477.214825218
"Campinas","m",2016,"60-64",24627.717803885
"Campinas","m",2016,"65-69",18358.0621854577
"Campinas","m",2016,"70-74",12657.6435523599
"Campinas","m",2016,"75-79",8780.72711233383
"Campinas","m",2016,"80+",9183.64149795402
"Guarulhos","f",2016,"0-4",50448.6976583423
"Guarulhos","f",2016,"5-9",48132.8639547617
"Guarulhos","f",2016,"10-14",50338.5042362028
"Guarulhos","f",2016,"15-19",55672.4350086349
"Guarulhos","f",2016,"20-24",54209.3065610479
"Guarulhos","f",2016,"25-29",57139.2170442957
"Guarulhos","f",2016,"30-34",59352.8933031151
"Guarulhos","f",2016,"35-39",56765.891480409
"Guarulhos","f",2016,"40-44",51326.2258980811
"Guarulhos","f",2016,"45-49",46989.5181549506
"Guarulhos","f",2016,"50-54",41263.2569673394
"Guarulhos","f",2016,"55-59",35077.4991724214
"Guarulhos","f",2016,"60-64",27290.6019425002
"Guarulhos","f",2016,"65-69",19933.6253812856
"Guarulhos","f",2016,"70-74",13313.1501347915
"Guarulhos","f",2016,"75-79",9008.72820843217
"Guarulhos","f",2016,"80+",10434.7596111323
"Guarulhos","m",2016,"0-4",52628.5502541981
"Guarulhos","m",2016,"5-9",50075.0587124852
"Guarulhos","m",2016,"10-14",52057.5591572134
"Guarulhos","m",2016,"15-19",56550.9393808428
"Guarulhos","m",2016,"20-24",54639.6073939677
"Guarulhos","m",2016,"25-29",58278.406385862
"Guarulhos","m",2016,"30-34",57997.8700342278
"Guarulhos","m",2016,"35-39",53210.2256015375
"Guarulhos","m",2016,"40-44",47430.0050190628
"Guarulhos","m",2016,"45-49",43163.9966131346
"Guarulhos","m",2016,"50-54",36109.079115831
"Guarulhos","m",2016,"55-59",29591.4447059618
"Guarulhos","m",2016,"60-64",22800.7296505108
"Guarulhos","m",2016,"65-69",15799.6585287114
"Guarulhos","m",2016,"70-74",9815.70001261615
"Guarulhos","m",2016,"75-79",6092.05538195751
"Guarulhos","m",2016,"80+",5492.25720341638
"São Paulo","f",2016,"0-4",384657.243064882
"São Paulo","f",2016,"5-9",375445.582172551
"São Paulo","f",2016,"10-14",388731.76221376
"São Paulo","f",2016,"15-19",436726.382880086
"São Paulo","f",2016,"20-24",447771.93877687
"São Paulo","f",2016,"25-29",510997.094757601
"São Paulo","f",2016,"30-34",551667.635788014
"São Paulo","f",2016,"35-39",525721.251819124
"São Paulo","f",2016,"40-44",464423.540118165
"São Paulo","f",2016,"45-49",423164.020103489
"São Paulo","f",2016,"50-54",394440.432755033
"São Paulo","f",2016,"55-59",358551.308631892
"São Paulo","f",2016,"60-64",299434.439347992
"São Paulo","f",2016,"65-69",235388.273773146
"São Paulo","f",2016,"70-74",168454.634715598
"São Paulo","f",2016,"75-79",127023.776041318
"São Paulo","f",2016,"80+",178367.739740501
"São Paulo","m",2016,"0-4",400951.65225501
"São Paulo","m",2016,"5-9",390409.832619254
"São Paulo","m",2016,"10-14",402913.908357897
"São Paulo","m",2016,"15-19",441558.118552197
"São Paulo","m",2016,"20-24",440954.606451342
"São Paulo","m",2016,"25-29",499171.347171457
"São Paulo","m",2016,"30-34",520478.865492589
"São Paulo","m",2016,"35-39",478143.168076702
"São Paulo","m",2016,"40-44",415602.586707287
"São Paulo","m",2016,"45-49",374941.080635991
"São Paulo","m",2016,"50-54",331918.966680288
"São Paulo","m",2016,"55-59",287683.213542837
"São Paulo","m",2016,"60-64",230261.366098736
"São Paulo","m",2016,"65-69",170025.036872295
"São Paulo","m",2016,"70-74",113862.610301008
"São Paulo","m",2016,"75-79",78442.2001546961
"São Paulo","m",2016,"80+",87163.4629228909
"Campinas","f",2017,"0-4",35860.96
"Campinas","f",2017,"5-9",35109.21
"Campinas","f",2017,"10-14",34879.8
"Campinas","f",2017,"15-19",39378.77
"Campinas","f",2017,"20-24",43767.41
"Campinas","f",2017,"25-29",49633.43
"Campinas","f",2017,"30-34",53987.47
"Campinas","f",2017,"35-39",51724.09
"Campinas","f",2017,"40-44",45525.43
"Campinas","f",2017,"45-49",41610.65
"Campinas","f",2017,"50-54",39379.27
"Campinas","f",2017,"55-59",36444.66
"Campinas","f",2017,"60-64",30987.85
"Campinas","f",2017,"65-69",24386.94
"Campinas","f",2017,"70-74",17673.76
"Campinas","f",2017,"75-79",12874.5
"Campinas","f",2017,"80+",17932.241
"Campinas","m",2017,"0-4",37588.98
"Campinas","m",2017,"5-9",36821.02
"Campinas","m",2017,"10-14",36605.92
"Campinas","m",2017,"15-19",40639.3
"Campinas","m",2017,"20-24",44243.52
"Campinas","m",2017,"25-29",49599.1
"Campinas","m",2017,"30-34",52423.64
"Campinas","m",2017,"35-39",48976.83
"Campinas","m",2017,"40-44",42280.62
"Campinas","m",2017,"45-49",38040.94
"Campinas","m",2017,"50-54",34795.04
"Campinas","m",2017,"55-59",30918.22
"Campinas","m",2017,"60-64",25522.59
"Campinas","m",2017,"65-69",19203.75
"Campinas","m",2017,"70-74",13298.98
"Campinas","m",2017,"75-79",9008.843
"Campinas","m",2017,"80+",9691.675
"Guarulhos","f",2017,"0-4",50553.49
"Guarulhos","f",2017,"5-9",48393.21
"Guarulhos","f",2017,"10-14",49449.22
"Guarulhos","f",2017,"15-19",54660.96
"Guarulhos","f",2017,"20-24",55024.57
"Guarulhos","f",2017,"25-29",56554
"Guarulhos","f",2017,"30-34",59194.98
"Guarulhos","f",2017,"35-39",57437.76
"Guarulhos","f",2017,"40-44",52210.99
"Guarulhos","f",2017,"45-49",47467.31
"Guarulhos","f",2017,"50-54",42285.87
"Guarulhos","f",2017,"55-59",36065.32
"Guarulhos","f",2017,"60-64",28578.02
"Guarulhos","f",2017,"65-69",21027.2
"Guarulhos","f",2017,"70-74",14196.15
"Guarulhos","f",2017,"75-79",9383.518
"Guarulhos","f",2017,"80+",11073.269
"Guarulhos","m",2017,"0-4",52740.77
"Guarulhos","m",2017,"5-9",50316.51
"Guarulhos","m",2017,"10-14",51157.48
"Guarulhos","m",2017,"15-19",55771.96
"Guarulhos","m",2017,"20-24",55500.12
"Guarulhos","m",2017,"25-29",57685.55
"Guarulhos","m",2017,"30-34",58488.27
"Guarulhos","m",2017,"35-39",54121.67
"Guarulhos","m",2017,"40-44",48123.58
"Guarulhos","m",2017,"45-49",43475.88
"Guarulhos","m",2017,"50-54",37229.09
"Guarulhos","m",2017,"55-59",30370.42
"Guarulhos","m",2017,"60-64",23678.22
"Guarulhos","m",2017,"65-69",16659.09
"Guarulhos","m",2017,"70-74",10466.34
"Guarulhos","m",2017,"75-79",6350.623
"Guarulhos","m",2017,"80+",5882.5894
"São Paulo","f",2017,"0-4",382651.2
"São Paulo","f",2017,"5-9",375142.3
"São Paulo","f",2017,"10-14",382520.8
"São Paulo","f",2017,"15-19",428416.6
"São Paulo","f",2017,"20-24",451227.3
"São Paulo","f",2017,"25-29",496838.6
"São Paulo","f",2017,"30-34",545196.9
"São Paulo","f",2017,"35-39",531406.1
"São Paulo","f",2017,"40-44",473753.9
"São Paulo","f",2017,"45-49",426666.6
"São Paulo","f",2017,"50-54",397414.8
"São Paulo","f",2017,"55-59",363398.3
"São Paulo","f",2017,"60-64",308646
"São Paulo","f",2017,"65-69",244355.4
"São Paulo","f",2017,"70-74",177257.7
"São Paulo","f",2017,"75-79",129466.2
"São Paulo","f",2017,"80+",185568.25
"São Paulo","m",2017,"0-4",398882.5
"São Paulo","m",2017,"5-9",389754.2
"São Paulo","m",2017,"10-14",396305.7
"São Paulo","m",2017,"15-19",434641.4
"São Paulo","m",2017,"20-24",445046.1
"São Paulo","m",2017,"25-29",486604.8
"São Paulo","m",2017,"30-34",518688.9
"São Paulo","m",2017,"35-39",485907
"São Paulo","m",2017,"40-44",423449.2
"São Paulo","m",2017,"45-49",377905.5
"São Paulo","m",2017,"50-54",337334.8
"São Paulo","m",2017,"55-59",292133.6
"São Paulo","m",2017,"60-64",237575.5
"São Paulo","m",2017,"65-69",177067.8
"São Paulo","m",2017,"70-74",119827.8
"São Paulo","m",2017,"75-79",80258.87
"São Paulo","m",2017,"80+",91081.29
"Campinas","f",2018,"0-4",35848
"Campinas","f",2018,"5-9",35347.44
"Campinas","f",2018,"10-14",34916.27
"Campinas","f",2018,"15-19",38327.88
"Campinas","f",2018,"20-24",43930.53
"Campinas","f",2018,"25-29",48362.45
"Campinas","f",2018,"30-34",53586.88
"Campinas","f",2018,"35-39",52607.54
"Campinas","f",2018,"40-44",46753.15
"Campinas","f",2018,"45-49",41846.94
"Campinas","f",2018,"50-54",39714.7
"Campinas","f",2018,"55-59",36888.6
"Campinas","f",2018,"60-64",32078.57
"Campinas","f",2018,"65-69",25385.85
"Campinas","f",2018,"70-74",18713.77
"Campinas","f",2018,"75-79",13194.72
"Campinas","f",2018,"80+",18741.049
"Campinas","m",2018,"0-4",37577.63
"Campinas","m",2018,"5-9",37059.95
"Campinas","m",2018,"10-14",36637.95
"Campinas","m",2018,"15-19",39700.76
"Campinas","m",2018,"20-24",44411.51
"Campinas","m",2018,"25-29",48485.56
"Campinas","m",2018,"30-34",52295.41
"Campinas","m",2018,"35-39",49852.9
"Campinas","m",2018,"40-44",43473.44
"Campinas","m",2018,"45-49",38327.38
"Campinas","m",2018,"50-54",35301.16
"Campinas","m",2018,"55-59",31302.49
"Campinas","m",2018,"60-64",26399.72
"Campinas","m",2018,"65-69",20048.56
"Campinas","m",2018,"70-74",14005.36
"Campinas","m",2018,"75-79",9252.102
"Campinas","m",2018,"80+",10221.272
"Guarulhos","f",2018,"0-4",50737.85
"Guarulhos","f",2018,"5-9",48662.89
"Guarulhos","f",2018,"10-14",48782.95
"Guarulhos","f",2018,"15-19",53404.68
"Guarulhos","f",2018,"20-24",56012.89
"Guarulhos","f",2018,"25-29",55914.52
"Guarulhos","f",2018,"30-34",58815.21
"Guarulhos","f",2018,"35-39",57964.84
"Guarulhos","f",2018,"40-44",53170.67
"Guarulhos","f",2018,"45-49",47990.53
"Guarulhos","f",2018,"50-54",43272
"Guarulhos","f",2018,"55-59",36974.61
"Guarulhos","f",2018,"60-64",29874.3
"Guarulhos","f",2018,"65-69",22128.69
"Guarulhos","f",2018,"70-74",15173.42
"Guarulhos","f",2018,"75-79",9783.672
"Guarulhos","f",2018,"80+",11744.456
"Guarulhos","m",2018,"0-4",52936.25
"Guarulhos","m",2018,"5-9",50568.88
"Guarulhos","m",2018,"10-14",50485.19
"Guarulhos","m",2018,"15-19",54714.16
"Guarulhos","m",2018,"20-24",56581.07
"Guarulhos","m",2018,"25-29",56948.57
"Guarulhos","m",2018,"30-34",58763.54
"Guarulhos","m",2018,"35-39",54937.91
"Guarulhos","m",2018,"40-44",48916.04
"Guarulhos","m",2018,"45-49",43786.06
"Guarulhos","m",2018,"50-54",38356.85
"Guarulhos","m",2018,"55-59",31107.18
"Guarulhos","m",2018,"60-64",24542.76
"Guarulhos","m",2018,"65-69",17530.44
"Guarulhos","m",2018,"70-74",11186.11
"Guarulhos","m",2018,"75-79",6626.767
"Guarulhos","m",2018,"80+",6296.7856
"São Paulo","f",2018,"0-4",381251.8
"São Paulo","f",2018,"5-9",374900.2
"São Paulo","f",2018,"10-14",378015.5
"São Paulo","f",2018,"15-19",418204
"São Paulo","f",2018,"20-24",456018.5
"São Paulo","f",2018,"25-29",482552.4
"São Paulo","f",2018,"30-34",536773.5
"São Paulo","f",2018,"35-39",535740.9
"São Paulo","f",2018,"40-44",483814.6
"São Paulo","f",2018,"45-49",430562.2
"São Paulo","f",2018,"50-54",399840.3
"São Paulo","f",2018,"55-59",367254.6
"São Paulo","f",2018,"60-64",317589.4
"São Paulo","f",2018,"65-69",253068.7
"São Paulo","f",2018,"70-74",186960.8
"São Paulo","f",2018,"75-79",132087.5
"São Paulo","f",2018,"80+",192940.18
"São Paulo","m",2018,"0-4",397447.4
"São Paulo","m",2018,"5-9",389174.8
"São Paulo","m",2018,"10-14",391451.3
"São Paulo","m",2018,"15-19",425580.7
"São Paulo","m",2018,"20-24",450824
"São Paulo","m",2018,"25-29",473107.1
"São Paulo","m",2018,"30-34",514983.4
"São Paulo","m",2018,"35-39",492802.8
"São Paulo","m",2018,"40-44",432228
"São Paulo","m",2018,"45-49",380859.1
"São Paulo","m",2018,"50-54",342597.7
"São Paulo","m",2018,"55-59",296055.9
"São Paulo","m",2018,"60-64",244656.3
"São Paulo","m",2018,"65-69",184036.6
"São Paulo","m",2018,"70-74",126399.2
"São Paulo","m",2018,"75-79",82199.5
"São Paulo","m",2018,"80+",95125.5
"Campinas","f",2019,"0-4",35739.02
"Campinas","f",2019,"5-9",35609.29
"Campinas","f",2019,"10-14",34995.01
"Campinas","f",2019,"15-19",37370.39
"Campinas","f",2019,"20-24",43948.94
"Campinas","f",2019,"25-29",47253.94
"Campinas","f",2019,"30-34",53051.44
"Campinas","f",2019,"35-39",53302.15
"Campinas","f",2019,"40-44",47962.21
"Campinas","f",2019,"45-49",42187.13
"Campinas","f",2019,"50-54",40025.84
"Campinas","f",2019,"55-59",37241.16
"Campinas","f",2019,"60-64",33107.19
"Campinas","f",2019,"65-69",26402.11
"Campinas","f",2019,"70-74",19775.8
"Campinas","f",2019,"75-79",13614.4
"Campinas","f",2019,"80+",19545.144
"Campinas","m",2019,"0-4",37465.35
"Campinas","m",2019,"5-9",37324.59
"Campinas","m",2019,"10-14",36712.56
"Campinas","m",2019,"15-19",38834.25
"Campinas","m",2019,"20-24",44448.63
"Campinas","m",2019,"25-29",47517.45
"Campinas","m",2019,"30-34",51977.8
"Campinas","m",2019,"35-39",50576.41
"Campinas","m",2019,"40-44",44689.91
"Campinas","m",2019,"45-49",38713.65
"Campinas","m",2019,"50-54",35755.24
"Campinas","m",2019,"55-59",31665.22
"Campinas","m",2019,"60-64",27224.76
"Campinas","m",2019,"65-69",20902.73
"Campinas","m",2019,"70-74",14731.54
"Campinas","m",2019,"75-79",9562.944
"Campinas","m",2019,"80+",10751.221
"Guarulhos","f",2019,"0-4",50786.42
"Guarulhos","f",2019,"5-9",48964.31
"Guarulhos","f",2019,"10-14",48183.82
"Guarulhos","f",2019,"15-19",52268.7
"Guarulhos","f",2019,"20-24",56831.04
"Guarulhos","f",2019,"25-29",55434.68
"Guarulhos","f",2019,"30-34",58286.46
"Guarulhos","f",2019,"35-39",58273.81
"Guarulhos","f",2019,"40-44",54089.59
"Guarulhos","f",2019,"45-49",48637.75
"Guarulhos","f",2019,"50-54",44251.1
"Guarulhos","f",2019,"55-59",37808.56
"Guarulhos","f",2019,"60-64",31134.87
"Guarulhos","f",2019,"65-69",23267.12
"Guarulhos","f",2019,"70-74",16185.9
"Guarulhos","f",2019,"75-79",10269.91
"Guarulhos","f",2019,"80+",12429.922
"Guarulhos","m",2019,"0-4",52989.71
"Guarulhos","m",2019,"5-9",50855.45
"Guarulhos","m",2019,"10-14",49879.56
"Guarulhos","m",2019,"15-19",53746.12
"Guarulhos","m",2019,"20-24",57512.92
"Guarulhos","m",2019,"25-29",56363.85
"Guarulhos","m",2019,"30-34",58825.41
"Guarulhos","m",2019,"35-39",55581.57
"Guarulhos","m",2019,"40-44",49710.43
"Guarulhos","m",2019,"45-49",44210.01
"Guarulhos","m",2019,"50-54",39453.21
"Guarulhos","m",2019,"55-59",31835.36
"Guarulhos","m",2019,"60-64",25362.25
"Guarulhos","m",2019,"65-69",18422.86
"Guarulhos","m",2019,"70-74",11941.02
"Guarulhos","m",2019,"75-79",6959.321
"Guarulhos","m",2019,"80+",6721.8142
"São Paulo","f",2019,"0-4",378839.6
"São Paulo","f",2019,"5-9",374889.8
"São Paulo","f",2019,"10-14",374014.6
"São Paulo","f",2019,"15-19",408950.1
"São Paulo","f",2019,"20-24",459341.7
"São Paulo","f",2019,"25-29",469969.1
"São Paulo","f",2019,"30-34",527110.8
"São Paulo","f",2019,"35-39",538052.4
"São Paulo","f",2019,"40-44",493556.2
"São Paulo","f",2019,"45-49",435552.2
"São Paulo","f",2019,"50-54",402007.9
"São Paulo","f",2019,"55-59",370189.7
"São Paulo","f",2019,"60-64",325803.1
"São Paulo","f",2019,"65-69",261859
"São Paulo","f",2019,"70-74",196805.1
"São Paulo","f",2019,"75-79",135673.6
"São Paulo","f",2019,"80+",200191.46
"São Paulo","m",2019,"0-4",394953.5
"São Paulo","m",2019,"5-9",388848
"São Paulo","m",2019,"10-14",387105.2
"São Paulo","m",2019,"15-19",417250
"São Paulo","m",2019,"20-24",455329.8
"São Paulo","m",2019,"25-29",461152.7
"São Paulo","m",2019,"30-34",509445
"São Paulo","m",2019,"35-39",498139.4
"São Paulo","m",2019,"40-44",441090.2
"São Paulo","m",2019,"45-49",384806.7
"São Paulo","m",2019,"50-54",347365.7
"São Paulo","m",2019,"55-59",299781.9
"São Paulo","m",2019,"60-64",251189.2
"São Paulo","m",2019,"65-69",191025.6
"São Paulo","m",2019,"70-74",133170.8
"São Paulo","m",2019,"75-79",84727.64
"São Paulo","m",2019,"80+",99101.09
"Campinas","f",2020,"0-4",35419.15
"Campinas","f",2020,"5-9",36033.65
"Campinas","f",2020,"10-14",35057.45
"Campinas","f",2020,"15-19",36612.07
"Campinas","f",2020,"20-24",43657.7
"Campinas","f",2020,"25-29",46410.38
"Campinas","f",2020,"30-34",52437.75
"Campinas","f",2020,"35-39",53765.43
"Campinas","f",2020,"40-44",49078.9
"Campinas","f",2020,"45-49",42666.15
"Campinas","f",2020,"50-54",40335.9
"Campinas","f",2020,"55-59",37510.24
"Campinas","f",2020,"60-64",34043.64
"Campinas","f",2020,"65-69",27451.76
"Campinas","f",2020,"70-74",20813.29
"Campinas","f",2020,"75-79",14175.26
"Campinas","f",2020,"80+",20331.586
"Campinas","m",2020,"0-4",37131.73
"Campinas","m",2020,"5-9",37760.61
"Campinas","m",2020,"10-14",36768.71
"Campinas","m",2020,"15-19",38147.76
"Campinas","m",2020,"20-24",44176.36
"Campinas","m",2020,"25-29",46843.84
"Campinas","m",2020,"30-34",51490.68
"Campinas","m",2020,"35-39",51101.78
"Campinas","m",2020,"40-44",45867.44
"Campinas","m",2020,"45-49",39258.29
"Campinas","m",2020,"50-54",36141.4
"Campinas","m",2020,"55-59",32027.66
"Campinas","m",2020,"60-64",27978
"Campinas","m",2020,"65-69",21769.52
"Campinas","m",2020,"70-74",15450.04
"Campinas","m",2020,"75-79",9967.409
"Campinas","m",2020,"80+",11271.53
"Guarulhos","f",2020,"0-4",50533.68
"Guarulhos","f",2020,"5-9",49488.12
"Guarulhos","f",2020,"10-14",47569.66
"Guarulhos","f",2020,"15-19",51402.91
"Guarulhos","f",2020,"20-24",57255.04
"Guarulhos","f",2020,"25-29",55244.09
"Guarulhos","f",2020,"30-34",57670.52
"Guarulhos","f",2020,"35-39",58323.54
"Guarulhos","f",2020,"40-44",54886.14
"Guarulhos","f",2020,"45-49",49451.43
"Guarulhos","f",2020,"50-54",45248.42
"Guarulhos","f",2020,"55-59",38572.02
"Guarulhos","f",2020,"60-64",32329.77
"Guarulhos","f",2020,"65-69",24457.62
"Guarulhos","f",2020,"70-74",17195.87
"Guarulhos","f",2020,"75-79",10878.41
"Guarulhos","f",2020,"80+",13121.048
"Guarulhos","m",2020,"0-4",52728.42
"Guarulhos","m",2020,"5-9",51374.22
"Guarulhos","m",2020,"10-14",49256.24
"Guarulhos","m",2020,"15-19",53019.11
"Guarulhos","m",2020,"20-24",58053.52
"Guarulhos","m",2020,"25-29",56114.78
"Guarulhos","m",2020,"30-34",58691.93
"Guarulhos","m",2020,"35-39",56004.12
"Guarulhos","m",2020,"40-44",50437.46
"Guarulhos","m",2020,"45-49",44814.4
"Guarulhos","m",2020,"50-54",40498.26
"Guarulhos","m",2020,"55-59",32576
"Guarulhos","m",2020,"60-64",26118.01
"Guarulhos","m",2020,"65-69",19339.59
"Guarulhos","m",2020,"70-74",12709.57
"Guarulhos","m",2020,"75-79",7370.067
"Guarulhos","m",2020,"80+",7151.3215
"São Paulo","f",2020,"0-4",374211.1
"São Paulo","f",2020,"5-9",376557.4
"São Paulo","f",2020,"10-14",369882.1
"São Paulo","f",2020,"15-19",401824.2
"São Paulo","f",2020,"20-24",459430.5
"São Paulo","f",2020,"25-29",460088.6
"São Paulo","f",2020,"30-34",516798.2
"São Paulo","f",2020,"35-39",537967.6
"São Paulo","f",2020,"40-44",502228.8
"São Paulo","f",2020,"45-49",442009.7
"São Paulo","f",2020,"50-54",404151.9
"São Paulo","f",2020,"55-59",372286.3
"São Paulo","f",2020,"60-64",333004.9
"São Paulo","f",2020,"65-69",270882.6
"São Paulo","f",2020,"70-74",206326.9
"São Paulo","f",2020,"75-79",140625.3
"São Paulo","f",2020,"80+",207188.55
"São Paulo","m",2020,"0-4",390146
"São Paulo","m",2020,"5-9",390273.2
"São Paulo","m",2020,"10-14",382613.6
"São Paulo","m",2020,"15-19",410817.4
"São Paulo","m",2020,"20-24",456682
"São Paulo","m",2020,"25-29",452156.4
"São Paulo","m",2020,"30-34",502293.9
"São Paulo","m",2020,"35-39",501486.4
"São Paulo","m",2020,"40-44",449418.9
"São Paulo","m",2020,"45-49",390331
"São Paulo","m",2020,"50-54",351482.6
"São Paulo","m",2020,"55-59",303512
"São Paulo","m",2020,"60-64",257000.3
"São Paulo","m",2020,"65-69",198063.7
"São Paulo","m",2020,"70-74",139894.7
"São Paulo","m",2020,"75-79",88068.49
"São Paulo","m",2020,"80+",102915.99
"Campinas","f",2021,"0-4",35138.86
"Campinas","f",2021,"5-9",36161.62
"Campinas","f",2021,"10-14",35058.87
"Campinas","f",2021,"15-19",36280.03
"Campinas","f",2021,"20-24",43151.41
"Campinas","f",2021,"25-29",46113.15
"Campinas","f",2021,"30-34",51318.26
"Campinas","f",2021,"35-39",53799.53
"Campinas","f",2021,"40-44",50130.46
"Campinas","f",2021,"45-49",43651.01
"Campinas","f",2021,"50-54",40547.5
"Campinas","f",2021,"55-59",37970.86
"Campinas","f",2021,"60-64",34678.32
"Campinas","f",2021,"65-69",28510.42
"Campinas","f",2021,"70-74",21814.06
"Campinas","f",2021,"75-79",14917.05
"Campinas","f",2021,"80+",21139.373
"Campinas","m",2021,"0-4",36839.92
"Campinas","m",2021,"5-9",37897.68
"Campinas","m",2021,"10-14",36756.21
"Campinas","m",2021,"15-19",37798.86
"Campinas","m",2021,"20-24",43854.4
"Campinas","m",2021,"25-29",46462.53
"Campinas","m",2021,"30-34",50758.07
"Campinas","m",2021,"35-39",51356.61
"Campinas","m",2021,"40-44",46836.84
"Campinas","m",2021,"45-49",40178.47
"Campinas","m",2021,"50-54",36508.42
"Campinas","m",2021,"55-59",32556.64
"Campinas","m",2021,"60-64",28499.85
"Campinas","m",2021,"65-69",22625.68
"Campinas","m",2021,"70-74",16240.23
"Campinas","m",2021,"75-79",10455.07
"Campinas","m",2021,"80+",11774.481
"Guarulhos","f",2021,"0-4",50401.67
"Guarulhos","f",2021,"5-9",49863
"Guarulhos","f",2021,"10-14",47514.27
"Guarulhos","f",2021,"15-19",50197.94
"Guarulhos","f",2021,"20-24",56806.42
"Guarulhos","f",2021,"25-29",55668.71
"Guarulhos","f",2021,"30-34",57267.59
"Guarulhos","f",2021,"35-39",58419.6
"Guarulhos","f",2021,"40-44",55626.48
"Guarulhos","f",2021,"45-49",50169.87
"Guarulhos","f",2021,"50-54",45727.5
"Guarulhos","f",2021,"55-59",39618.77
"Guarulhos","f",2021,"60-64",33356.48
"Guarulhos","f",2021,"65-69",25650.13
"Guarulhos","f",2021,"70-74",18220.49
"Guarulhos","f",2021,"75-79",11555.75
"Guarulhos","f",2021,"80+",13855.898
"Guarulhos","m",2021,"0-4",52593.58
"Guarulhos","m",2021,"5-9",51767.43
"Guarulhos","m",2021,"10-14",49167.43
"Guarulhos","m",2021,"15-19",51798.5
"Guarulhos","m",2021,"20-24",57873.92
"Guarulhos","m",2021,"25-29",56527.41
"Guarulhos","m",2021,"30-34",58429.48
"Guarulhos","m",2021,"35-39",56686.94
"Guarulhos","m",2021,"40-44",51361.47
"Guarulhos","m",2021,"45-49",45340.92
"Guarulhos","m",2021,"50-54",40893.49
"Guarulhos","m",2021,"55-59",33627.99
"Guarulhos","m",2021,"60-64",26916.07
"Guarulhos","m",2021,"65-69",20141.87
"Guarulhos","m",2021,"70-74",13465.98
"Guarulhos","m",2021,"75-79",7845.568
"Guarulhos","m",2021,"80+",7583.562
"São Paulo","f",2021,"0-4",370522
"São Paulo","f",2021,"5-9",376648.8
"São Paulo","f",2021,"10-14",367166.9
"São Paulo","f",2021,"15-19",393079.3
"São Paulo","f",2021,"20-24",455431.7
"São Paulo","f",2021,"25-29",460280.4
"São Paulo","f",2021,"30-34",504131.6
"São Paulo","f",2021,"35-39",533953.8
"São Paulo","f",2021,"40-44",508489
"São Paulo","f",2021,"45-49",449688.7
"São Paulo","f",2021,"50-54",407666.5
"São Paulo","f",2021,"55-59",375955.5
"São Paulo","f",2021,"60-64",338687.2
"São Paulo","f",2021,"65-69",279638.1
"São Paulo","f",2021,"70-74",215146.3
"São Paulo","f",2021,"75-79",147410.5
"São Paulo","f",2021,"80+",214429.9
"São Paulo","m",2021,"0-4",386321.1
"São Paulo","m",2021,"5-9",390398.4
"São Paulo","m",2021,"10-14",379452.7
"São Paulo","m",2021,"15-19",401722.5
"São Paulo","m",2021,"20-24",454396.9
"São Paulo","m",2021,"25-29",452579.9
"São Paulo","m",2021,"30-34",492469
"São Paulo","m",2021,"35-39",501613.6
"São Paulo","m",2021,"40-44",457251.1
"São Paulo","m",2021,"45-49",396573.8
"São Paulo","m",2021,"50-54",355152.8
"São Paulo","m",2021,"55-59",308846
"São Paulo","m",2021,"60-64",262052
"São Paulo","m",2021,"65-69",204945.1
"São Paulo","m",2021,"70-74",146396.7
"São Paulo","m",2021,"75-79",92528.62
"São Paulo","m",2021,"80+",106916.28
"Campinas","f",2022,"0-4",34912.27
"Campinas","f",2022,"5-9",36084.5
"Campinas","f",2022,"10-14",35280.21
"Campinas","f",2022,"15-19",36152.15
"Campinas","f",2022,"20-24",42195.21
"Campinas","f",2022,"25-29",46116.84
"Campinas","f",2022,"30-34",50047.06
"Campinas","f",2022,"35-39",53591.63
"Campinas","f",2022,"40-44",51117.84
"Campinas","f",2022,"45-49",44778.62
"Campinas","f",2022,"50-54",40747.82
"Campinas","f",2022,"55-59",38359.3
"Campinas","f",2022,"60-64",35215.63
"Campinas","f",2022,"65-69",29585.71
"Campinas","f",2022,"70-74",22785.47
"Campinas","f",2022,"75-79",15787.8
"Campinas","f",2022,"80+",21957.535
"Campinas","m",2022,"0-4",36604.14
"Campinas","m",2022,"5-9",37819.31
"Campinas","m",2022,"10-14",36976.05
"Campinas","m",2022,"15-19",37660.69
"Campinas","m",2022,"20-24",43053.83
"Campinas","m",2022,"25-29",46429.83
"Campinas","m",2022,"30-34",49747.57
"Campinas","m",2022,"35-39",51418.54
"Campinas","m",2022,"40-44",47779.65
"Campinas","m",2022,"45-49",41251.92
"Campinas","m",2022,"50-54",36808.15
"Campinas","m",2022,"55-59",33087.35
"Campinas","m",2022,"60-64",28946.01
"Campinas","m",2022,"65-69",23487.08
"Campinas","m",2022,"70-74",17027.41
"Campinas","m",2022,"75-79",11021.64
"Campinas","m",2022,"80+",12288.652
"Guarulhos","f",2022,"0-4",50344.26
"Guarulhos","f",2022,"5-9",49956.17
"Guarulhos","f",2022,"10-14",47756.65
"Guarulhos","f",2022,"15-19",49295.49
"Guarulhos","f",2022,"20-24",55758.99
"Guarulhos","f",2022,"25-29",56462.69
"Guarulhos","f",2022,"30-34",56668.64
"Guarulhos","f",2022,"35-39",58252.74
"Guarulhos","f",2022,"40-44",56281.34
"Guarulhos","f",2022,"45-49",51035.53
"Guarulhos","f",2022,"50-54",46197.61
"Guarulhos","f",2022,"55-59",40611.52
"Guarulhos","f",2022,"60-64",34309.41
"Guarulhos","f",2022,"65-69",26878.8
"Guarulhos","f",2022,"70-74",19240.73
"Guarulhos","f",2022,"75-79",12345.75
"Guarulhos","f",2022,"80+",14615.95
"Guarulhos","m",2022,"0-4",52536.21
"Guarulhos","m",2022,"5-9",51867.52
"Guarulhos","m",2022,"10-14",49389.1
"Guarulhos","m",2022,"15-19",50886.41
"Guarulhos","m",2022,"20-24",57057.5
"Guarulhos","m",2022,"25-29",57369.99
"Guarulhos","m",2022,"30-34",57833.04
"Guarulhos","m",2022,"35-39",57162.22
"Guarulhos","m",2022,"40-44",52250.91
"Guarulhos","m",2022,"45-49",46020.55
"Guarulhos","m",2022,"50-54",41213.06
"Guarulhos","m",2022,"55-59",34706.6
"Guarulhos","m",2022,"60-64",27656.88
"Guarulhos","m",2022,"65-69",20952.07
"Guarulhos","m",2022,"70-74",14231.11
"Guarulhos","m",2022,"75-79",8393.666
"Guarulhos","m",2022,"80+",8033.706
"São Paulo","f",2022,"0-4",367411.2
"São Paulo","f",2022,"5-9",374606.4
"São Paulo","f",2022,"10-14",366757.9
"São Paulo","f",2022,"15-19",386676.1
"São Paulo","f",2022,"20-24",446643.1
"São Paulo","f",2022,"25-29",463477.6
"São Paulo","f",2022,"30-34",490055.9
"São Paulo","f",2022,"35-39",527587.3
"São Paulo","f",2022,"40-44",513955.4
"São Paulo","f",2022,"45-49",458730.5
"São Paulo","f",2022,"50-54",411086.7
"São Paulo","f",2022,"55-59",378892.1
"São Paulo","f",2022,"60-64",343401.5
"São Paulo","f",2022,"65-69",288440.7
"São Paulo","f",2022,"70-74",223582.3
"São Paulo","f",2022,"75-79",155410.4
"São Paulo","f",2022,"80+",221700.63
"São Paulo","m",2022,"0-4",383096.2
"São Paulo","m",2022,"5-9",388306.7
"São Paulo","m",2022,"10-14",378697.4
"São Paulo","m",2022,"15-19",395005.8
"São Paulo","m",2022,"20-24",447128.4
"São Paulo","m",2022,"25-29",456400.1
"São Paulo","m",2022,"30-34",480054.2
"São Paulo","m",2022,"35-39",499853.3
"São Paulo","m",2022,"40-44",464761.6
"São Paulo","m",2022,"45-49",404207
"São Paulo","m",2022,"50-54",358170.2
"São Paulo","m",2022,"55-59",314207.2
"São Paulo","m",2022,"60-64",266416.7
"São Paulo","m",2022,"65-69",211809.4
"São Paulo","m",2022,"70-74",152811.2
"São Paulo","m",2022,"75-79",97702.57
"São Paulo","m",2022,"80+",110965.12
